Tn,Tr,Cn,Cc,Cr,total_mutations,proportion_in_dbsnp,proportion_in_dbsnp_2,proportion_high_quality_singleton,proportion_10,proportion_50,proportion_100
2,2,1,10,4,1553.0,0.20798454604,0.0,0.241468126207,0.0,0.0,0.0
2,2,2,3,3,1584.0,0.220328282828,0.0,0.244318181818,0.0,0.0,0.0
2,2,1,3,3,1595.0,0.221943573668,0.0,0.245141065831,0.0,0.0,0.0
2,2,1,3,2,1556.0,0.224293059126,0.0,0.244858611825,0.0,0.0,0.0
2,2,1,3,4,1617.0,0.221397649969,0.0,0.246134817563,0.0,0.0,0.0
2,2,1,5,2,1542.0,0.221789883268,0.0,0.243839169909,0.0,0.0,0.0
2,2,1,10,3,1533.0,0.208741030659,0.0,0.240052185258,0.0,0.0,0.0
2,2,1,5,4,1602.0,0.219101123596,0.0,0.24531835206,0.0,0.0,0.0
2,2,1,5,3,1580.0,0.219620253165,0.0,0.244303797468,0.0,0.0,0.0
2,2,4,3,2,1467.0,0.213360599864,0.0,0.244717109748,0.0,0.0,0.0
2,2,2,10,3,1499.0,0.198132088059,0.0,0.2368245497,0.0,0.0,0.0
2,2,2,3,2,1545.0,0.222653721683,0.0,0.244012944984,0.0,0.0,0.0
2,2,2,5,2,1518.0,0.216732542819,0.0,0.240447957839,0.0,0.0,0.0
2,2,2,3,4,1606.0,0.219800747198,0.0,0.245330012453,0.0,0.0,0.0
2,2,2,5,4,1576.0,0.21383248731,0.0,0.242385786802,0.0,0.0,0.0
2,2,2,5,3,1556.0,0.214652956298,0.0,0.241002570694,0.0,0.0,0.0
2,2,2,10,2,1461.0,0.199863107461,0.0,0.23613963039,0.0,0.0,0.0
2,2,1,10,2,1495.0,0.210702341137,0.0,0.239464882943,0.0,0.0,0.0
2,2,4,3,4,1524.0,0.21062992126,0.0,0.246719160105,0.0,0.0,0.0
2,2,4,3,3,1505.0,0.211295681063,0.0,0.245182724252,0.0,0.0,0.0
2,2,2,10,4,1519.0,0.19749835418,0.0,0.238314680711,0.0,0.0,0.0
2,2,4,5,2,1329.0,0.189616252822,0.0,0.236267870579,0.0,0.0,0.0
2,2,4,5,3,1364.0,0.186950146628,0.0,0.236070381232,0.0,0.0,0.0
2,2,4,5,4,1382.0,0.185962373372,0.0,0.238060781476,0.0,0.0,0.0
2,2,11,5,3,21.0,0.0952380952381,0.0,0.0,0.0,0.0,0.0
2,2,11,5,2,21.0,0.0952380952381,0.0,0.0,0.0,0.0,0.0
2,2,4,10,2,1105.0,0.158371040724,0.0,0.227149321267,0.0,0.0,0.0
2,2,11,3,2,26.0,0.115384615385,0.0,0.153846153846,0.0,0.0,0.0
2,2,11,10,2,8.0,0.125,0.0,0.0,0.0,0.0,0.0
2,2,4,10,3,1131.0,0.157382847038,0.0,0.228116710875,0.0,0.0,0.0
2,2,11,3,4,27.0,0.111111111111,0.0,0.148148148148,0.0,0.0,0.0
2,2,11,10,3,8.0,0.125,0.0,0.0,0.0,0.0,0.0
2,2,11,3,3,26.0,0.115384615385,0.0,0.153846153846,0.0,0.0,0.0
2,2,4,10,4,1146.0,0.157068062827,0.0,0.230366492147,0.0,0.0,0.0
2,2,11,10,4,8.0,0.125,0.0,0.0,0.0,0.0,0.0
2,3,1,5,2,2130.0,0.304225352113,0.0,0.200938967136,0.0,0.0,0.0
2,2,11,5,4,21.0,0.0952380952381,0.0,0.0,0.0,0.0,0.0
2,3,1,5,4,2286.0,0.296587926509,0.0,0.196850393701,0.0,0.0,0.0
2,3,1,3,3,2256.0,0.300975177305,0.0,0.198581560284,0.0,0.0,0.0
2,3,1,5,3,2224.0,0.298561151079,0.0,0.198291366906,0.0,0.0,0.0
2,3,1,3,4,2318.0,0.298964624676,0.0,0.19715271786,0.0,0.0,0.0
2,3,1,10,4,2191.0,0.286170698311,0.0,0.195801004108,0.0,0.0,0.0
2,3,2,3,2,2139.0,0.304347826087,0.0,0.200561009818,0.0,0.0,0.0
2,3,1,3,2,2161.0,0.306802406293,0.0,0.201295696437,0.0,0.0,0.0
2,3,2,3,4,2296.0,0.296602787456,0.0,0.196428571429,0.0,0.0,0.0
2,3,1,10,2,2042.0,0.294809010774,0.0,0.199804113614,0.0,0.0,0.0
2,3,2,10,4,2130.0,0.276995305164,0.0,0.194835680751,0.0,0.0,0.0
2,3,2,5,3,2181.0,0.295735900963,0.0,0.196698762036,0.0,0.0,0.0
2,3,2,5,2,2088.0,0.301724137931,0.0,0.199233716475,0.0,0.0,0.0
2,3,2,5,4,2241.0,0.293618920125,0.0,0.195448460509,0.0,0.0,0.0
2,3,1,10,3,2133.0,0.288795124238,0.0,0.19737458978,0.0,0.0,0.0
2,3,4,5,2,1831.0,0.283451665756,0.0,0.197160021846,0.0,0.0,0.0
2,3,2,3,3,2234.0,0.298567591764,0.0,0.197851387645,0.0,0.0,0.0
2,3,2,10,2,1984.0,0.285786290323,0.0,0.198588709677,0.0,0.0,0.0
2,3,4,3,2,2019.0,0.299157999009,0.0,0.203070827142,0.0,0.0,0.0
2,3,4,10,4,1615.0,0.248916408669,0.0,0.19133126935,0.0,0.0,0.0
2,3,4,10,2,1509.0,0.257123923128,0.0,0.193505632869,0.0,0.0,0.0
2,3,4,3,4,2164.0,0.289741219963,0.0,0.199168207024,0.0,0.0,0.0
2,3,4,3,3,2109.0,0.292555713608,0.0,0.200568990043,0.0,0.0,0.0
2,3,4,10,3,1573.0,0.251748251748,0.0,0.191989828353,0.0,0.0,0.0
2,3,2,10,3,2073.0,0.279787747226,0.0,0.196333815726,0.0,0.0,0.0
2,3,4,5,3,1915.0,0.276762402089,0.0,0.194255874674,0.0,0.0,0.0
2,3,4,5,4,1964.0,0.273930753564,0.0,0.193482688391,0.0,0.0,0.0
2,3,11,3,3,49.0,0.265306122449,0.0,0.102040816327,0.0,0.0,0.0
2,3,11,5,2,35.0,0.228571428571,0.0,0.0,0.0,0.0,0.0
2,3,11,3,4,50.0,0.26,0.0,0.1,0.0,0.0,0.0
2,3,11,3,2,48.0,0.270833333333,0.0,0.104166666667,0.0,0.0,0.0
2,3,11,10,2,12.0,0.166666666667,0.0,0.0,0.0,0.0,0.0
2,3,11,10,3,12.0,0.166666666667,0.0,0.0,0.0,0.0,0.0
2,3,11,5,3,35.0,0.228571428571,0.0,0.0,0.0,0.0,0.0
2,4,1,3,3,3460.0,0.400867052023,0.0,0.15,0.0,0.0,0.0
2,4,1,3,2,3248.0,0.414716748768,0.0,0.154556650246,0.0,0.0,0.0
2,4,1,5,3,3404.0,0.400411280846,0.0,0.150411280846,0.0,0.0,0.0
2,3,11,10,4,12.0,0.166666666667,0.0,0.0,0.0,0.0,0.0
2,3,11,5,4,35.0,0.228571428571,0.0,0.0,0.0,0.0,0.0
2,4,1,10,3,3240.0,0.397222222222,0.0,0.151851851852,0.0,0.0,0.0
2,4,2,5,2,3123.0,0.414024975985,0.0,0.154658981748,0.0,0.0,0.0
2,4,2,3,2,3213.0,0.41394335512,0.0,0.154372860255,0.0,0.0,0.0
2,4,1,3,4,3588.0,0.39381270903,0.0,0.147157190635,0.0,0.0,0.0
2,4,1,10,4,3357.0,0.388739946381,0.0,0.148942508192,0.0,0.0,0.0
2,4,2,3,3,3422.0,0.400058445354,0.0,0.14991233197,0.0,0.0,0.0
2,4,1,10,2,3048.0,0.411089238845,0.0,0.155839895013,0.0,0.0,0.0
2,4,1,5,2,3196.0,0.41395494368,0.0,0.154881101377,0.0,0.0,0.0
2,4,1,5,4,3528.0,0.392573696145,0.0,0.147675736961,0.0,0.0,0.0
2,4,2,5,4,3441.0,0.392327811683,0.0,0.147922115664,0.0,0.0,0.0
2,4,2,10,4,3242.0,0.381554595928,0.0,0.149599012955,0.0,0.0,0.0
2,4,2,5,3,3321.0,0.400481782596,0.0,0.150557061126,0.0,0.0,0.0
2,4,2,10,3,3126.0,0.390275111964,0.0,0.152591170825,0.0,0.0,0.0
2,4,4,5,2,2723.0,0.40323172971,0.0,0.156445097319,0.0,0.0,0.0
2,4,4,3,2,3011.0,0.413151776818,0.0,0.158419129857,0.0,0.0,0.0
2,4,4,3,4,3319.0,0.390177764387,0.0,0.151250376619,0.0,0.0,0.0
2,4,2,3,4,3548.0,0.392615558061,0.0,0.147125140924,0.0,0.0,0.0
2,4,2,10,2,2943.0,0.403669724771,0.0,0.156303092083,0.0,0.0,0.0
2,4,4,5,3,2897.0,0.389023127373,0.0,0.152226441146,0.0,0.0,0.0
2,4,4,5,4,2995.0,0.380634390651,0.0,0.149916527546,0.0,0.0,0.0
2,4,11,3,3,70.0,0.342857142857,0.0,0.0857142857143,0.0,0.0,0.0
2,4,4,3,3,3204.0,0.398876404494,0.0,0.15418227216,0.0,0.0,0.0
2,4,11,3,2,68.0,0.338235294118,0.0,0.0882352941176,0.0,0.0,0.0
2,4,4,10,3,2300.0,0.371304347826,0.0,0.155652173913,0.0,0.0,0.0
2,4,4,10,2,2175.0,0.382068965517,0.0,0.15816091954,0.0,0.0,0.0
2,4,4,10,4,2383.0,0.362568191355,0.0,0.153168275283,0.0,0.0,0.0
2,4,11,3,4,72.0,0.333333333333,0.0,0.0833333333333,0.0,0.0,0.0
2,4,11,5,2,45.0,0.311111111111,0.0,0.0,0.0,0.0,0.0
2,4,11,10,2,18.0,0.333333333333,0.0,0.0,0.0,0.0,0.0
2,4,11,10,4,19.0,0.368421052632,0.0,0.0,0.0,0.0,0.0
2,4,11,5,3,46.0,0.326086956522,0.0,0.0,0.0,0.0,0.0
2,4,11,5,4,46.0,0.326086956522,0.0,0.0,0.0,0.0,0.0
2,4,11,10,3,19.0,0.368421052632,0.0,0.0,0.0,0.0,0.0
3,2,1,5,3,2292.0,0.295811518325,0.144415357766,0.208115183246,0.0,0.0,0.0
3,2,1,3,2,2230.0,0.303139013453,0.1466367713,0.209865470852,0.0,0.0,0.0
3,2,2,3,3,2305.0,0.297613882863,0.146203904555,0.20737527115,0.0,0.0,0.0
3,2,1,3,3,2328.0,0.299828178694,0.147766323024,0.207903780069,0.0,0.0,0.0
3,2,1,5,4,2352.0,0.295068027211,0.145833333333,0.208758503401,0.0,0.0,0.0
3,2,1,10,4,2249.0,0.283681636283,0.140062249889,0.208092485549,0.0,0.0,0.0
3,2,1,3,4,2391.0,0.299874529486,0.150146382267,0.208281053952,0.0,0.0,0.0
3,2,1,5,2,2195.0,0.298861047836,0.1430523918,0.210022779043,0.0,0.0,0.0
3,2,1,10,2,2103.0,0.287208749406,0.137422729434,0.208749405611,0.0,0.0,0.0
3,2,2,3,2,2207.0,0.300860897145,0.144993203444,0.209333937472,0.0,0.0,0.0
3,2,2,10,2,2051.0,0.278888347148,0.136518771331,0.207215992199,0.0,0.0,0.0
3,2,1,10,3,2196.0,0.285063752277,0.139344262295,0.207194899818,0.0,0.0,0.0
3,2,2,5,3,2248.0,0.292259786477,0.143683274021,0.206850533808,0.0,0.0,0.0
3,2,4,3,2,2083.0,0.294287085934,0.144023043687,0.212193951032,0.0,0.0,0.0
3,2,2,5,2,2154.0,0.294800371402,0.142061281337,0.208449396472,0.0,0.0,0.0
3,2,4,5,4,2010.0,0.273631840796,0.145771144279,0.208457711443,0.0,0.0,0.0
3,2,2,10,3,2140.0,0.277102803738,0.138317757009,0.206074766355,0.0,0.0,0.0
3,2,4,3,4,2228.0,0.29039497307,0.14631956912,0.211400359066,0.0,0.0,0.0
3,2,2,5,4,2304.0,0.291232638889,0.144965277778,0.207899305556,0.0,0.0,0.0
3,2,4,10,3,1596.0,0.246240601504,0.134711779449,0.206766917293,0.0,0.0,0.0
3,2,2,3,4,2367.0,0.297422898183,0.148288973384,0.207858048162,0.0,0.0,0.0
3,2,4,5,3,1963.0,0.275089149261,0.145185939888,0.206826286296,0.0,0.0,0.0
3,2,2,10,4,2192.0,0.276003649635,0.139142335766,0.207116788321,0.0,0.0,0.0
3,2,11,3,2,35.0,0.171428571429,0.0857142857143,0.114285714286,0.0,0.0,0.0
3,2,4,5,2,1883.0,0.278279341476,0.144450345194,0.208178438662,0.0,0.0,0.0
3,2,4,10,4,1634.0,0.244186046512,0.134026927785,0.208690330477,0.0,0.0,0.0
3,2,11,3,4,36.0,0.166666666667,0.0833333333333,0.111111111111,0.0,0.0,0.0
3,2,4,10,2,1534.0,0.249022164276,0.134941329857,0.20664928292,0.0,0.0,0.0
3,2,4,3,3,2173.0,0.291302346986,0.144960883571,0.21076852278,0.0,0.0,0.0
3,2,11,5,4,26.0,0.115384615385,0.0384615384615,0.0,0.0,0.0,0.0
3,2,11,10,3,10.0,0.2,0.1,0.0,0.0,0.0,0.0
3,2,11,5,3,26.0,0.115384615385,0.0384615384615,0.0,0.0,0.0,0.0
3,2,11,5,2,26.0,0.115384615385,0.0384615384615,0.0,0.0,0.0,0.0
3,3,1,5,3,3622.0,0.400607399227,0.217283268912,0.153782440641,0.0,0.0,0.0
3,3,1,5,4,3751.0,0.395094641429,0.214342841909,0.153025859771,0.0,0.0,0.0
3,2,11,10,4,10.0,0.2,0.1,0.0,0.0,0.0,0.0
3,2,11,3,3,35.0,0.171428571429,0.0857142857143,0.114285714286,0.0,0.0,0.0
3,3,1,10,2,3221.0,0.405153678982,0.218255200248,0.158335920522,0.0,0.0,0.0
3,3,1,3,4,3827.0,0.397961850013,0.216880062712,0.151816043899,0.0,0.0,0.0
3,3,2,3,3,3655.0,0.401367989056,0.218878248974,0.152667578659,0.0,0.0,0.0
3,2,11,10,2,10.0,0.2,0.1,0.0,0.0,0.0,0.0
3,3,1,10,3,3430.0,0.395626822157,0.216034985423,0.155685131195,0.0,0.0,0.0
3,3,1,3,3,3694.0,0.402815376286,0.21900378993,0.152680021657,0.0,0.0,0.0
3,3,2,3,2,3423.0,0.411627227578,0.221443178498,0.156003505697,0.0,0.0,0.0
3,3,1,10,4,3549.0,0.389405466329,0.212735981967,0.154973231896,0.0,0.0,0.0
3,3,1,3,2,3460.0,0.413005780347,0.221387283237,0.156069364162,0.0,0.0,0.0
3,3,2,5,3,3531.0,0.3981874823,0.215519682809,0.154064004531,0.0,0.0,0.0
3,3,1,5,2,3396.0,0.410188457008,0.21937573616,0.156949352179,0.0,0.0,0.0
3,3,2,5,4,3656.0,0.39250547046,0.212527352298,0.153446389497,0.0,0.0,0.0
3,3,2,3,4,3787.0,0.396355954581,0.216530235015,0.151835225772,0.0,0.0,0.0
3,3,2,10,2,3126.0,0.398912348049,0.217530390275,0.158349328215,0.0,0.0,0.0
3,3,2,5,2,3314.0,0.407664453832,0.217561858781,0.156910078455,0.0,0.0,0.0
3,3,4,3,4,3516.0,0.390500568828,0.212172923777,0.156996587031,0.0,0.0,0.0
3,3,4,5,4,3160.0,0.380063291139,0.209810126582,0.156962025316,0.0,0.0,0.0
3,3,11,3,2,73.0,0.356164383562,0.178082191781,0.0821917808219,0.0,0.0,0.0
3,3,4,5,3,3059.0,0.387054593004,0.21379535796,0.156914024191,0.0,0.0,0.0
3,3,4,10,2,2318.0,0.381794650561,0.214408973253,0.161345987921,0.0,0.0,0.0
3,3,4,10,4,2538.0,0.36524822695,0.206855791962,0.16036249015,0.0,0.0,0.0
3,3,4,10,3,2453.0,0.372604973502,0.211169995923,0.160211985324,0.0,0.0,0.0
3,3,4,5,2,2877.0,0.397636426834,0.217240180744,0.159193604449,0.0,0.0,0.0
3,3,11,5,3,53.0,0.301886792453,0.150943396226,0.0,0.0,0.0,0.0
3,3,11,3,3,76.0,0.342105263158,0.171052631579,0.0789473684211,0.0,0.0,0.0
3,3,11,5,2,52.0,0.307692307692,0.153846153846,0.0,0.0,0.0,0.0
3,3,4,3,2,3188.0,0.407465495609,0.218005018821,0.160602258469,0.0,0.0,0.0
3,3,4,3,3,3397.0,0.396820724168,0.215189873418,0.157786282014,0.0,0.0,0.0
3,3,2,10,4,3441.0,0.38302818948,0.211566405115,0.155478058704,0.0,0.0,0.0
3,3,11,3,4,77.0,0.337662337662,0.168831168831,0.0779220779221,0.0,0.0,0.0
3,3,11,10,3,19.0,0.263157894737,0.157894736842,0.0,0.0,0.0,0.0
3,3,11,10,2,18.0,0.277777777778,0.166666666667,0.0,0.0,0.0,0.0
3,4,1,5,2,5013.0,0.494514262916,0.230600438859,0.111709555157,0.0,0.0,0.0
3,3,11,10,4,19.0,0.263157894737,0.157894736842,0.0,0.0,0.0,0.0
3,4,1,3,4,5769.0,0.467672040215,0.222742243023,0.105737562836,0.0,0.0,0.0
3,4,1,3,2,5126.0,0.495122902848,0.232344908311,0.110612563402,0.0,0.0,0.0
3,4,1,10,4,5299.0,0.463483676165,0.21721079449,0.109265899226,0.0,0.0,0.0
3,4,1,10,3,5081.0,0.475693761071,0.222397165912,0.110804959654,0.0,0.0,0.0
3,4,1,10,2,4729.0,0.492916049905,0.227955170226,0.113554662719,0.0,0.0,0.0
3,4,1,5,4,5633.0,0.466181430854,0.220308894017,0.107047754305,0.0,0.0,0.0
3,4,2,3,2,5050.0,0.494257425743,0.230891089109,0.111089108911,0.0,0.0,0.0
3,3,11,5,4,53.0,0.301886792453,0.150943396226,0.0,0.0,0.0,0.0
3,4,1,3,3,5521.0,0.477993117189,0.226770512588,0.107408078247,0.0,0.0,0.0
3,3,2,10,3,3325.0,0.389473684211,0.215037593985,0.156090225564,0.0,0.0,0.0
3,4,1,5,3,5397.0,0.477487493052,0.22493978136,0.108578840096,0.0,0.0,0.0
3,4,2,3,3,5440.0,0.477022058824,0.225367647059,0.107904411765,0.0,0.0,0.0
3,4,2,5,4,5464.0,0.465959004392,0.218887262079,0.107979502196,0.0,0.0,0.0
3,4,2,10,2,4561.0,0.487831615874,0.227362420522,0.114448585836,0.0,0.0,0.0
3,4,2,3,4,5682.0,0.466033086941,0.220872932066,0.106300598381,0.0,0.0,0.0
3,4,2,10,4,5110.0,0.458708414873,0.216634050881,0.110371819961,0.0,0.0,0.0
3,4,4,5,3,4497.0,0.469201690016,0.218590171225,0.112519457416,0.0,0.0,0.0
3,4,2,10,3,4897.0,0.471104758015,0.221972636308,0.111905248111,0.0,0.0,0.0
3,4,4,3,4,5267.0,0.464970571483,0.219100056958,0.110119612683,0.0,0.0,0.0
3,4,2,5,2,4870.0,0.494866529774,0.229363449692,0.112320328542,0.0,0.0,0.0
3,4,4,10,2,3296.0,0.471783980583,0.219660194175,0.11984223301,0.0,0.0,0.0
3,4,2,5,3,5235.0,0.477936962751,0.223877745941,0.109455587393,0.0,0.0,0.0
3,4,4,3,2,4697.0,0.49478390462,0.229934000426,0.114541196508,0.0,0.0,0.0
3,4,4,5,2,4190.0,0.486634844869,0.224582338902,0.115035799523,0.0,0.0,0.0
3,4,4,10,4,3669.0,0.443990188062,0.208503679477,0.117198146634,0.0,0.0,0.0
3,4,4,10,3,3519.0,0.45666382495,0.213981244672,0.118215402103,0.0,0.0,0.0
3,4,4,3,3,5047.0,0.477313255399,0.224093520904,0.111749554191,0.0,0.0,0.0
3,4,11,3,2,104.0,0.375,0.153846153846,0.0576923076923,0.0,0.0,0.0
3,4,4,5,4,4681.0,0.456953642384,0.213415936766,0.111514633625,0.0,0.0,0.0
3,4,11,3,4,112.0,0.357142857143,0.142857142857,0.0535714285714,0.0,0.0,0.0
3,4,11,10,2,27.0,0.333333333333,0.111111111111,0.0,0.0,0.0,0.0
3,4,11,5,4,68.0,0.323529411765,0.102941176471,0.0,0.0,0.0,0.0
3,4,11,5,2,65.0,0.323076923077,0.107692307692,0.0,0.0,0.0,0.0
3,4,11,3,3,110.0,0.363636363636,0.145454545455,0.0545454545455,0.0,0.0,0.0
4,2,1,3,3,3275.0,0.401832061069,0.293740458015,0.163969465649,0.0,0.0,0.0
3,4,11,10,3,30.0,0.333333333333,0.1,0.0,0.0,0.0,0.0
4,2,1,5,4,3336.0,0.398381294964,0.293165467626,0.164268585132,0.0,0.0,0.0
4,2,1,5,3,3205.0,0.396567862715,0.288299531981,0.165366614665,0.0,0.0,0.0
3,4,11,10,4,30.0,0.333333333333,0.1,0.0,0.0,0.0,0.0
4,2,1,5,2,3012.0,0.396746347942,0.283200531208,0.169986719788,0.0,0.0,0.0
4,2,2,3,2,3038.0,0.398946675444,0.285714285714,0.168861092824,0.0,0.0,0.0
3,4,11,5,3,68.0,0.323529411765,0.102941176471,0.0,0.0,0.0,0.0
4,2,1,10,2,2841.0,0.384371700106,0.273495248152,0.172474480817,0.0,0.0,0.0
4,2,2,3,4,3370.0,0.400890207715,0.296142433234,0.162908011869,0.0,0.0,0.0
4,2,1,3,2,3076.0,0.402145643693,0.288686605982,0.168725617685,0.0,0.0,0.0
4,2,2,10,3,2909.0,0.374011687865,0.271914747336,0.169474046064,0.0,0.0,0.0
4,2,2,10,4,3002.0,0.371419053964,0.271485676216,0.169886742172,0.0,0.0,0.0
4,2,4,3,3,2979.0,0.384357166835,0.27760993622,0.171198388721,0.0,0.0,0.0
4,2,1,3,4,3413.0,0.404629358336,0.299736302373,0.162613536478,0.0,0.0,0.0
4,2,1,10,4,3112.0,0.381748071979,0.277956298201,0.168701799486,0.0,0.0,0.0
4,2,4,3,2,2816.0,0.387428977273,0.276278409091,0.174715909091,0.0,0.0,0.0
4,2,2,5,2,2925.0,0.390085470085,0.277606837607,0.17094017094,0.0,0.0,0.0
4,2,2,3,3,3235.0,0.398454404946,0.29057187017,0.164142194745,0.0,0.0,0.0
4,2,2,5,4,3222.0,0.389819987585,0.285226567349,0.166356300435,0.0,0.0,0.0
4,2,2,5,3,3105.0,0.389694041868,0.282125603865,0.166827697262,0.0,0.0,0.0
4,2,4,5,3,2669.0,0.36905207943,0.273510678157,0.170475833646,0.0,0.0,0.0
4,2,1,10,3,3008.0,0.382646276596,0.276263297872,0.168882978723,0.0,0.0,0.0
4,2,4,5,4,2753.0,0.366872502724,0.273519796586,0.171449328006,0.0,0.0,0.0
4,2,4,3,4,3092.0,0.384217335058,0.280401034929,0.170439844761,0.0,0.0,0.0
4,2,4,10,2,2047.0,0.352222765022,0.266731802638,0.173424523693,0.0,0.0,0.0
4,2,2,10,2,2756.0,0.375907111756,0.269956458636,0.172351233672,0.0,0.0,0.0
4,2,4,5,2,2532.0,0.374012638231,0.27448657188,0.173380726698,0.0,0.0,0.0
4,2,11,5,2,38.0,0.315789473684,0.263157894737,0.0,0.0,0.0,0.0
4,2,11,3,4,56.0,0.375,0.321428571429,0.0892857142857,0.0,0.0,0.0
4,2,11,5,4,38.0,0.315789473684,0.263157894737,0.0,0.0,0.0,0.0
4,2,11,5,3,38.0,0.315789473684,0.263157894737,0.0,0.0,0.0,0.0
4,2,11,10,2,12.0,0.333333333333,0.25,0.0,0.0,0.0,0.0
4,3,1,3,2,4758.0,0.484867591425,0.34552332913,0.120428751576,0.0,0.0,0.0
4,3,1,3,4,5384.0,0.470653789004,0.341939078752,0.114970282318,0.0,0.0,0.0
4,2,4,10,3,2143.0,0.347176854876,0.264115725618,0.172188520765,0.0,0.0,0.0
4,3,1,5,3,5015.0,0.471385842473,0.338983050847,0.118045862413,0.0,0.0,0.0
4,2,4,10,4,2209.0,0.3435943866,0.262109551833,0.173834314169,0.0,0.0,0.0
4,2,11,10,4,12.0,0.333333333333,0.25,0.0,0.0,0.0,0.0
4,2,11,3,2,54.0,0.388888888889,0.333333333333,0.0925925925926,0.0,0.0,0.0
4,2,11,3,3,55.0,0.381818181818,0.327272727273,0.0909090909091,0.0,0.0,0.0
4,3,1,5,2,4648.0,0.482358003442,0.342943201377,0.121772805508,0.0,0.0,0.0
4,3,1,5,4,5246.0,0.467213114754,0.337971788029,0.116660312619,0.0,0.0,0.0
4,2,11,10,3,12.0,0.333333333333,0.25,0.0,0.0,0.0,0.0
4,3,1,10,2,4380.0,0.477168949772,0.339726027397,0.12397260274,0.0,0.0,0.0
4,3,1,10,3,4700.0,0.464680851064,0.333617021277,0.12085106383,0.0,0.0,0.0
4,3,2,3,3,5064.0,0.471761453397,0.340047393365,0.116903633491,0.0,0.0,0.0
4,3,1,3,3,5138.0,0.473725184897,0.341572596341,0.116582327754,0.0,0.0,0.0
4,3,2,5,2,4510.0,0.480266075388,0.340576496674,0.122616407982,0.0,0.0,0.0
4,3,1,10,4,4891.0,0.457779595175,0.329584951953,0.120016356573,0.0,0.0,0.0
4,3,2,3,4,5305.0,0.468237511781,0.33986804901,0.115362865221,0.0,0.0,0.0
4,3,2,5,3,4852.0,0.468466611707,0.335531739489,0.119126133553,0.0,0.0,0.0
4,3,4,3,2,4334.0,0.478311029072,0.338947854176,0.1255191509,0.0,0.0,0.0
4,3,2,3,2,4691.0,0.483479002345,0.344702622042,0.120869750586,0.0,0.0,0.0
4,3,2,10,2,4228.0,0.47114474929,0.337038789026,0.124881740776,0.0,0.0,0.0
4,3,4,3,3,4653.0,0.464431549538,0.331828927574,0.122286696755,0.0,0.0,0.0
4,3,4,5,3,4154.0,0.455464612422,0.327876745306,0.123254694271,0.0,0.0,0.0
4,3,2,10,3,4526.0,0.458683163942,0.330534688467,0.122182942996,0.0,0.0,0.0
4,3,2,10,4,4705.0,0.450797024442,0.325398512221,0.121572794899,0.0,0.0,0.0
4,3,2,5,4,5063.0,0.462571597867,0.332609125025,0.118111791428,0.0,0.0,0.0
4,3,4,5,4,4313.0,0.447948063993,0.323208903316,0.123116160445,0.0,0.0,0.0
4,3,4,10,2,3082.0,0.456197274497,0.330304996755,0.129461388709,0.0,0.0,0.0
4,3,4,3,4,4856.0,0.458196046129,0.329077429984,0.121087314662,0.0,0.0,0.0
4,3,4,5,2,3886.0,0.469891919712,0.336335563562,0.125836335564,0.0,0.0,0.0
4,3,4,10,4,3398.0,0.434373160683,0.316068275456,0.128016480283,0.0,0.0,0.0
4,3,4,10,3,3275.0,0.442748091603,0.321832061069,0.127938931298,0.0,0.0,0.0
4,3,11,5,4,66.0,0.348484848485,0.227272727273,0.0,0.0,0.0,0.0
4,3,11,3,2,101.0,0.405940594059,0.277227722772,0.0594059405941,0.0,0.0,0.0
4,3,11,3,3,105.0,0.4,0.27619047619,0.0571428571429,0.0,0.0,0.0
4,3,11,5,3,66.0,0.348484848485,0.227272727273,0.0,0.0,0.0,0.0
4,4,1,3,3,7448.0,0.529672395274,0.343447905478,0.0829752953813,0.0,0.0,0.0
4,3,11,5,2,64.0,0.34375,0.21875,0.0,0.0,0.0,0.0
4,4,1,3,2,6820.0,0.548240469208,0.35073313783,0.0866568914956,0.0,0.0,0.0
4,3,11,3,4,106.0,0.396226415094,0.27358490566,0.0566037735849,0.0,0.0,0.0
4,3,11,10,3,28.0,0.392857142857,0.321428571429,0.0,0.0,0.0,0.0
4,4,1,5,2,6660.0,0.547447447447,0.348798798799,0.0876876876877,0.0,0.0,0.0
4,4,1,5,4,7630.0,0.51874180865,0.337221494102,0.0828309305374,0.0,0.0,0.0
4,3,11,10,2,26.0,0.384615384615,0.307692307692,0.0,0.0,0.0,0.0
4,3,11,10,4,28.0,0.392857142857,0.321428571429,0.0,0.0,0.0,0.0
4,4,1,5,3,7262.0,0.528504544203,0.340815202424,0.0841366014872,0.0,0.0,0.0
4,4,1,3,4,7842.0,0.52116806937,0.340984442744,0.0814843152257,0.0,0.0,0.0
4,4,2,3,2,6716.0,0.547498511018,0.349463966647,0.0871054198928,0.0,0.0,0.0
4,4,1,10,4,7134.0,0.513737033922,0.330810204654,0.0849453322119,0.0,0.0,0.0
4,4,2,5,3,7022.0,0.527627456565,0.338222728567,0.0850185132441,0.0,0.0,0.0
4,4,1,10,3,6821.0,0.525436153057,0.336754141621,0.0859111567219,0.0,0.0,0.0
4,4,2,10,4,6863.0,0.508232551362,0.327990674632,0.0861139443392,0.0,0.0,0.0
4,4,2,10,3,6567.0,0.520785746916,0.335008375209,0.0869499010203,0.0,0.0,0.0
4,4,2,5,4,7365.0,0.516361167685,0.333061778683,0.0839103869654,0.0,0.0,0.0
4,4,2,10,2,6070.0,0.540691927512,0.344975288303,0.0897858319605,0.0,0.0,0.0
4,4,4,3,2,6216.0,0.545688545689,0.34555984556,0.0904118404118,0.0,0.0,0.0
4,4,4,3,3,6745.0,0.524833209785,0.335359525574,0.0871756856931,0.0,0.0,0.0
4,4,4,3,4,7075.0,0.513074204947,0.330035335689,0.0859363957597,0.0,0.0,0.0
4,4,2,5,2,6461.0,0.547128927411,0.347005107568,0.0883764123201,0.0,0.0,0.0
4,4,4,5,3,6018.0,0.518610834164,0.331339315387,0.0879029577933,0.0,0.0,0.0
4,4,2,3,3,7327.0,0.528456394159,0.34161321141,0.0833902006278,0.0,0.0,0.0
4,4,2,3,4,7709.0,0.519133480348,0.338435594759,0.0819820988455,0.0,0.0,0.0
4,4,1,10,2,6292.0,0.545613477432,0.346471710108,0.0890019071837,0.0,0.0,0.0
4,4,4,10,2,4393.0,0.532665604371,0.343501024357,0.0940132028227,0.0,0.0,0.0
4,4,11,3,3,148.0,0.418918918919,0.256756756757,0.0472972972973,0.0,0.0,0.0
4,4,4,10,3,4705.0,0.512858660999,0.331349628055,0.0922422954304,0.0,0.0,0.0
4,4,11,3,2,140.0,0.435714285714,0.271428571429,0.05,0.0,0.0,0.0
4,4,4,5,2,5568.0,0.540229885057,0.343031609195,0.0906968390805,0.0,0.0,0.0
4,4,4,5,4,6284.0,0.506206238065,0.324793125398,0.087364735837,0.0,0.0,0.0
4,4,4,10,4,4902.0,0.499796001632,0.323541411669,0.0920032639739,0.0,0.0,0.0
4,4,11,5,3,91.0,0.395604395604,0.230769230769,0.010989010989,0.0,0.0,0.0
4,4,11,5,2,88.0,0.397727272727,0.238636363636,0.0113636363636,0.0,0.0,0.0
4,4,11,5,4,91.0,0.395604395604,0.230769230769,0.010989010989,0.0,0.0,0.0
4,4,11,10,4,40.0,0.375,0.2,0.0,0.0,0.0,0.0
4,4,11,10,3,40.0,0.375,0.2,0.0,0.0,0.0,0.0
30,2,1,3,3,31111.0,0.722316865417,0.710938253351,0.0263250940182,0.0,0.0,0.0
4,4,11,3,4,152.0,0.407894736842,0.25,0.0460526315789,0.0,0.0,0.0
30,2,1,3,4,34583.0,0.717057513807,0.706705606801,0.0254460283955,0.0,0.0,0.0
30,2,1,5,2,26361.0,0.735670118736,0.722696407572,0.0285649254581,0.0,0.0,0.0
30,2,1,5,3,30260.0,0.720588235294,0.709120951751,0.0268341044283,0.0,0.0,0.0
30,2,1,3,2,26874.0,0.735506437449,0.722519907717,0.0282801220511,0.0,0.0,0.0
4,4,11,10,2,37.0,0.378378378378,0.216216216216,0.0,0.0,0.0,0.0
30,2,1,5,4,33372.0,0.713292580606,0.702774781254,0.0261596548004,0.0,0.0,0.0
30,2,1,10,3,28925.0,0.722039757995,0.710976663786,0.0271045808124,0.0,0.0,0.0
30,2,1,10,4,31501.0,0.712548807974,0.702295165233,0.0267610552046,0.0,0.0,0.0
30,2,1,10,2,25517.0,0.738527256339,0.72618254497,0.0284908100482,0.0,0.0,0.0
30,2,2,3,3,30502.0,0.720805193102,0.709363320438,0.0266212051669,0.0,0.0,0.0
30,2,2,3,4,33806.0,0.714518132876,0.704076199491,0.0258238182571,0.0,0.0,0.0
30,2,2,10,3,28268.0,0.723362105561,0.712855525683,0.0271685297863,0.0,0.0,0.0
30,2,2,5,2,25891.0,0.736935614692,0.724228496389,0.0285427368584,0.0,0.0,0.0
30,2,4,3,2,24814.0,0.736076408479,0.723462561457,0.0291367776255,0.0,0.0,0.0
30,2,4,3,3,28167.0,0.718784393084,0.707494585863,0.027727482515,0.0,0.0,0.0
30,2,4,5,3,25378.0,0.717274804949,0.707226731815,0.0279769879423,0.0,0.0,0.0
30,2,2,3,2,26497.0,0.735177567272,0.722194965468,0.0284560516285,0.0,0.0,0.0
30,2,2,5,4,32323.0,0.711691365282,0.701265352845,0.0265136280667,0.0,0.0,0.0
30,2,2,10,4,30598.0,0.712955095104,0.703150532715,0.0269625465717,0.0,0.0,0.0
30,2,4,10,2,18710.0,0.742383752004,0.733030464992,0.0287546766435,0.0,0.0,0.0
30,2,4,5,4,27498.0,0.705978616627,0.696632482362,0.027856571387,0.0,0.0,0.0
30,2,4,10,3,20658.0,0.725384838803,0.7167683222,0.0284635492303,0.0,0.0,0.0
30,2,11,3,2,595.0,0.581512605042,0.576470588235,0.0168067226891,0.0,0.0,0.0
30,2,4,3,4,30953.0,0.709656576099,0.69928601428,0.0271379187801,0.0,0.0,0.0
30,2,4,5,2,22645.0,0.735570766174,0.724442481784,0.0289247074409,0.0,0.0,0.0
30,2,2,5,3,29503.0,0.720638579128,0.709317696505,0.0270142019456,0.0,0.0,0.0
30,2,2,10,2,25068.0,0.739747885751,0.728099569172,0.0283628530397,0.0,0.0,0.0
30,2,11,5,3,384.0,0.533854166667,0.528645833333,0.0104166666667,0.0,0.0,0.0
30,2,11,10,3,192.0,0.46875,0.463541666667,0.0104166666667,0.0,0.0,0.0
30,2,4,10,4,22109.0,0.712560495726,0.704419014881,0.0289022569994,0.0,0.0,0.0
30,2,11,5,4,393.0,0.521628498728,0.516539440204,0.0101781170483,0.0,0.0,0.0
30,3,1,3,4,34583.0,0.717057513807,0.697018766446,0.0254460283955,0.0,0.0,0.0
30,2,11,5,2,364.0,0.546703296703,0.541208791209,0.00824175824176,0.0,0.0,0.0
30,2,11,3,4,653.0,0.554364471669,0.549770290965,0.0183767228178,0.0,0.0,0.0
30,3,1,5,3,30260.0,0.720588235294,0.698645076008,0.0268341044283,0.0,0.0,0.0
30,3,1,3,2,26874.0,0.735506437449,0.710835752028,0.0282801220511,0.0,0.0,0.0
30,3,1,3,3,31111.0,0.722316865417,0.700491787471,0.0263250940182,0.0,0.0,0.0
30,2,11,10,2,180.0,0.477777777778,0.472222222222,0.00555555555556,0.0,0.0,0.0
30,2,11,10,4,195.0,0.461538461538,0.45641025641,0.0102564102564,0.0,0.0,0.0
30,3,1,5,2,26361.0,0.735670118736,0.711088350214,0.0285649254581,0.0,0.0,0.0
30,2,11,3,3,630.0,0.569841269841,0.565079365079,0.0174603174603,0.0,0.0,0.0
30,3,1,5,4,33372.0,0.713292580606,0.692976147669,0.0261596548004,0.0,0.0,0.0
30,3,1,10,2,25517.0,0.738527256339,0.714935141278,0.0284908100482,0.0,0.0,0.0
30,3,2,5,4,32323.0,0.711691365282,0.691334343966,0.0265136280667,0.0,0.0,0.0
30,3,2,3,2,26497.0,0.735177567272,0.71060874816,0.0284560516285,0.0,0.0,0.0
30,3,2,10,2,25068.0,0.739747885751,0.71712940801,0.0283628530397,0.0,0.0,0.0
30,3,1,10,3,28925.0,0.722039757995,0.700743301642,0.0271045808124,0.0,0.0,0.0
30,3,2,3,4,33806.0,0.714518132876,0.694373779802,0.0258238182571,0.0,0.0,0.0
30,3,2,10,3,28268.0,0.723362105561,0.702844205462,0.0271685297863,0.0,0.0,0.0
30,3,2,5,2,25891.0,0.736935614692,0.712602834962,0.0285427368584,0.0,0.0,0.0
30,3,4,3,4,30953.0,0.709656576099,0.689400058153,0.0271379187801,0.0,0.0,0.0
30,3,4,3,2,24814.0,0.736076408479,0.711735310712,0.0291367776255,0.0,0.0,0.0
30,3,2,10,4,30598.0,0.712955095104,0.693672789071,0.0269625465717,0.0,0.0,0.0
30,3,1,10,4,31501.0,0.712548807974,0.692644677947,0.0267610552046,0.0,0.0,0.0
30,3,2,5,3,29503.0,0.720638579128,0.698776395621,0.0270142019456,0.0,0.0,0.0
30,3,4,5,3,25378.0,0.717274804949,0.696390574513,0.0279769879423,0.0,0.0,0.0
30,3,4,5,2,22645.0,0.735570766174,0.712651799514,0.0289247074409,0.0,0.0,0.0
30,3,4,5,4,27498.0,0.705978616627,0.68641355735,0.027856571387,0.0,0.0,0.0
30,3,4,10,4,22109.0,0.712560495726,0.694377855172,0.0289022569994,0.0,0.0,0.0
30,3,11,3,4,653.0,0.554364471669,0.534456355283,0.0183767228178,0.0,0.0,0.0
30,3,2,3,3,30502.0,0.720805193102,0.698937774572,0.0266212051669,0.0,0.0,0.0
30,3,4,10,3,20658.0,0.725384838803,0.70621550973,0.0284635492303,0.0,0.0,0.0
30,3,11,5,3,384.0,0.533854166667,0.513020833333,0.0104166666667,0.0,0.0,0.0
30,3,11,5,2,364.0,0.546703296703,0.524725274725,0.00824175824176,0.0,0.0,0.0
30,3,11,10,2,180.0,0.477777777778,0.466666666667,0.00555555555556,0.0,0.0,0.0
30,3,4,10,2,18710.0,0.742383752004,0.721646178514,0.0287546766435,0.0,0.0,0.0
30,3,11,10,3,192.0,0.46875,0.458333333333,0.0104166666667,0.0,0.0,0.0
30,3,11,3,3,630.0,0.569841269841,0.549206349206,0.0174603174603,0.0,0.0,0.0
30,3,4,3,3,28167.0,0.718784393084,0.696879326872,0.027727482515,0.0,0.0,0.0
30,4,1,3,2,26874.0,0.735506437449,0.685383642182,0.0282801220511,0.0,0.0,0.0
30,4,1,3,3,31111.0,0.722316865417,0.677734563338,0.0263250940182,0.0,0.0,0.0
30,3,11,3,2,595.0,0.581512605042,0.559663865546,0.0168067226891,0.0,0.0,0.0
30,4,1,10,3,28925.0,0.722039757995,0.677545375972,0.0271045808124,0.0,0.0,0.0
30,4,1,3,4,34583.0,0.717057513807,0.676199288668,0.0254460283955,0.0,0.0,0.0
30,4,1,10,4,31501.0,0.712548807974,0.671121551697,0.0267610552046,0.0,0.0,0.0
30,4,1,5,2,26361.0,0.735670118736,0.685482341338,0.0285649254581,0.0,0.0,0.0
30,4,2,3,3,30502.0,0.720805193102,0.675922890302,0.0266212051669,0.0,0.0,0.0
30,4,1,10,2,25517.0,0.738527256339,0.689422737783,0.0284908100482,0.0,0.0,0.0
30,4,2,3,4,33806.0,0.714518132876,0.673312429746,0.0258238182571,0.0,0.0,0.0
30,4,2,5,4,32323.0,0.711691365282,0.669925440089,0.0265136280667,0.0,0.0,0.0
30,4,2,10,2,25068.0,0.739747885751,0.692356789532,0.0283628530397,0.0,0.0,0.0
30,4,1,5,3,30260.0,0.720588235294,0.675545274289,0.0268341044283,0.0,0.0,0.0
30,4,2,10,3,28268.0,0.723362105561,0.680203763973,0.0271685297863,0.0,0.0,0.0
30,4,2,3,2,26497.0,0.735177567272,0.684983205646,0.0284560516285,0.0,0.0,0.0
30,4,2,5,3,29503.0,0.720638579128,0.675558417788,0.0270142019456,0.0,0.0,0.0
30,4,4,3,3,28167.0,0.718784393084,0.673412148969,0.027727482515,0.0,0.0,0.0
30,3,11,10,4,195.0,0.461538461538,0.451282051282,0.0102564102564,0.0,0.0,0.0
30,4,4,3,4,30953.0,0.709656576099,0.667818951313,0.0271379187801,0.0,0.0,0.0
30,4,2,5,2,25891.0,0.736935614692,0.686995481055,0.0285427368584,0.0,0.0,0.0
30,4,4,3,2,24814.0,0.736076408479,0.685943419038,0.0291367776255,0.0,0.0,0.0
30,4,2,10,4,30598.0,0.712955095104,0.672527616184,0.0269625465717,0.0,0.0,0.0
30,4,4,5,3,25378.0,0.717274804949,0.672866262117,0.0279769879423,0.0,0.0,0.0
30,4,1,5,4,33372.0,0.713292580606,0.671790722762,0.0261596548004,0.0,0.0,0.0
30,4,4,5,2,22645.0,0.735570766174,0.687083241334,0.0289247074409,0.0,0.0,0.0
30,3,11,5,4,393.0,0.521628498728,0.501272264631,0.0101781170483,0.0,0.0,0.0
30,4,4,5,4,27498.0,0.705978616627,0.664521056077,0.027856571387,0.0,0.0,0.0
30,4,4,10,2,18710.0,0.742383752004,0.697969000534,0.0287546766435,0.0,0.0,0.0
30,4,11,5,2,364.0,0.546703296703,0.508241758242,0.00824175824176,0.0,0.0,0.0
30,4,4,10,3,20658.0,0.725384838803,0.684044922064,0.0284635492303,0.0,0.0,0.0
30,4,11,3,4,653.0,0.554364471669,0.517611026034,0.0183767228178,0.0,0.0,0.0
30,4,11,5,3,384.0,0.533854166667,0.494791666667,0.0104166666667,0.0,0.0,0.0
30,4,11,5,4,393.0,0.521628498728,0.483460559796,0.0101781170483,0.0,0.0,0.0
30,4,11,3,2,595.0,0.581512605042,0.542857142857,0.0168067226891,0.0,0.0,0.0
30,4,11,3,3,630.0,0.569841269841,0.531746031746,0.0174603174603,0.0,0.0,0.0
30,4,11,10,2,180.0,0.477777777778,0.444444444444,0.00555555555556,0.0,0.0,0.0
30,4,11,10,4,195.0,0.461538461538,0.425641025641,0.0102564102564,0.0,0.0,0.0
30,4,4,10,4,22109.0,0.712560495726,0.67348138767,0.0289022569994,0.0,0.0,0.0
30,4,11,10,3,192.0,0.46875,0.432291666667,0.0104166666667,0.0,0.0,0.0
